["cc.alcina.framework.common.client.flight.FlightEvent",{"event":["cc.alcina.framework.servlet.component.romcom.server.RemoteComponentEvent",{"end":"1769618847513","request":["cc.alcina.framework.servlet.component.romcom.protocol.RemoteComponentRequest",{"messageEnvelope":["cc.alcina.framework.servlet.component.romcom.protocol.MessageTransportLayer$MessageEnvelope",{"dateSent":"1769618847511","envelopeId":["cc.alcina.framework.servlet.component.romcom.protocol.MessageTransportLayer$EnvelopeId",{"number":11,"sendChannelId":"CLIENT_TO_SERVER"}],"highestReceivedEnvelopeId":["cc.alcina.framework.servlet.component.romcom.protocol.MessageTransportLayer$EnvelopeId",{"number":9,"sendChannelId":"SERVER_TO_CLIENT"}],"packets":["java.util.ArrayList",[["cc.alcina.framework.servlet.component.romcom.protocol.MessageTransportLayer$MessagePacket",{"message":["cc.alcina.framework.servlet.component.romcom.protocol.RemoteComponentProtocol$Message$WindowStateUpdate",{"messageId":11,"selectionRecord":{"anchorNodeId":{"id":21},"clientRect":{},"focusNodeId":{"id":21},"type":"Caret"},"windowState":{"activeElement":{"id":23},"clientHeight":940,"clientWidth":1728,"nodeUiStates":["java.util.ArrayList",[{"boundingClientRect":{"bottom":940,"right":1728,"height":940,"width":1728},"element":{"id":2},"scrollPos":{}},{"boundingClientRect":{"top":9.3046875,"bottom":39.6953125,"left":593,"right":1131.8984375,"height":30.390625,"width":538.8984375,"x":593,"y":9.3046875},"element":{"id":23},"scrollPos":{}},{"boundingClientRect":{"top":16,"bottom":34,"left":593,"right":1131.8984375,"height":18,"width":538.8984375,"x":593,"y":16},"element":{"id":21},"scrollPos":{}},{"boundingClientRect":{"top":8.3046875,"bottom":40.6953125,"left":592,"right":1136,"height":32.390625,"width":544,"x":592,"y":8.3046875},"element":{"id":19},"scrollPos":{}},{"boundingClientRect":{"top":8.3046875,"bottom":40.6953125,"left":592,"right":1136,"height":32.390625,"width":544,"x":592,"y":8.3046875},"element":{"id":17},"scrollPos":{}},{"boundingClientRect":{"bottom":50,"right":1728,"height":50,"width":1728},"element":{"id":9},"scrollPos":{}},{"boundingClientRect":{"bottom":940,"right":1728,"height":940,"width":1728},"element":{"id":7},"scrollPos":{}},{"boundingClientRect":{"bottom":940,"right":1728,"height":940,"width":1728},"element":{"id":40},"scrollPos":{}},{"boundingClientRect":{"top":8.3046875,"bottom":40.6953125,"left":592,"right":1136,"height":32.390625,"width":544,"x":592,"y":8.3046875},"element":{"id":19},"scrollPos":{}}]]}}],"messageId":["cc.alcina.framework.servlet.component.romcom.protocol.MessageTransportLayer$MessageId",{"number":11,"sendChannelId":"CLIENT_TO_SERVER"}]}]]],"transportHistories":["java.util.ArrayList",[["cc.alcina.framework.servlet.component.romcom.protocol.MessageTransportLayer$TransportHistory",{"firstReceiptAcknowledgedEnvelopeId":4,"messageId":52,"sent":"1769618847511"}]]]}],"session":["cc.alcina.framework.servlet.component.romcom.protocol.RemoteComponentProtocol$Session",{"auth":"fvhy-hvkkyhf","componentClassName":"cc.alcina.framework.servlet.component.gallery.GalleryBrowser$Ui","id":"leela.local-0-bvpy-dvkuyne","url":"http://127.0.0.1:31009/gallery"}]}],"response":["cc.alcina.framework.servlet.component.romcom.protocol.RemoteComponentResponse",{"messageEnvelope":["cc.alcina.framework.servlet.component.romcom.protocol.MessageTransportLayer$MessageEnvelope",{"dateSent":"1769618847513","envelopeId":["cc.alcina.framework.servlet.component.romcom.protocol.MessageTransportLayer$EnvelopeId",{"number":10,"sendChannelId":"SERVER_TO_CLIENT"}],"highestReceivedEnvelopeId":["cc.alcina.framework.servlet.component.romcom.protocol.MessageTransportLayer$EnvelopeId",{"number":12,"sendChannelId":"CLIENT_TO_SERVER"}],"transportHistories":["java.util.ArrayList",[["cc.alcina.framework.servlet.component.romcom.protocol.MessageTransportLayer$TransportHistory",{"firstReceiptAcknowledgedEnvelopeId":58,"messageId":["cc.alcina.framework.servlet.component.romcom.protocol.MessageTransportLayer$MessageId",{"number":11,"sendChannelId":"CLIENT_TO_SERVER"}],"published":"1769618847513","received":"1769618847513","sent":"1769618847511"}],["cc.alcina.framework.servlet.component.romcom.protocol.MessageTransportLayer$TransportHistory",{"firstReceiptAcknowledgedEnvelopeId":58,"messageId":["cc.alcina.framework.servlet.component.romcom.protocol.MessageTransportLayer$MessageId",{"number":12,"sendChannelId":"CLIENT_TO_SERVER"}],"published":"1769618847513","received":"1769618847513","sent":"1769618847512"}]]]}],"session":55}],"start":"1769618847513"}],"id":"10","time":"1769618847513"}]