["cc.alcina.framework.common.client.flight.FlightEvent",{"event":["cc.alcina.framework.servlet.component.romcom.server.RemoteComponentEvent",{"end":"1769618847516","request":["cc.alcina.framework.servlet.component.romcom.protocol.RemoteComponentRequest",{"messageEnvelope":["cc.alcina.framework.servlet.component.romcom.protocol.MessageTransportLayer$MessageEnvelope",{"dateSent":"1769618847512","envelopeId":["cc.alcina.framework.servlet.component.romcom.protocol.MessageTransportLayer$EnvelopeId",{"number":12,"sendChannelId":"CLIENT_TO_SERVER"}],"highestReceivedEnvelopeId":["cc.alcina.framework.servlet.component.romcom.protocol.MessageTransportLayer$EnvelopeId",{"number":9,"sendChannelId":"SERVER_TO_CLIENT"}],"packets":["java.util.ArrayList",[["cc.alcina.framework.servlet.component.romcom.protocol.MessageTransportLayer$MessagePacket",{"message":["cc.alcina.framework.servlet.component.romcom.protocol.RemoteComponentProtocol$Message$DomEventMessage",{"events":["java.util.ArrayList",[{"event":["com.google.gwt.user.client.Event",{"data":["com.google.gwt.dom.client.NativeEvent$Data",{"altKey":false,"button":1,"charCode":0,"clientX":0,"clientY":0,"ctrlKey":false,"currentEventTarget":["com.google.gwt.dom.client.EventTarget",{"type":"window"}],"eventTarget":["com.google.gwt.dom.client.EventTarget",{"attachId":{"id":23},"name":"input","type":"element"}],"jsoId":124,"keyCode":0,"metaKey":false,"mouseWheelVelocityY":0,"rotation":0,"scale":0,"screenX":0,"screenY":0,"shiftKey":false,"string":"[object FocusEvent]","type":"blur"}]}],"preview":true},{"event":["com.google.gwt.user.client.Event",{"data":["com.google.gwt.dom.client.NativeEvent$Data",{"altKey":false,"button":1,"charCode":0,"clientX":0,"clientY":0,"ctrlKey":false,"currentEventTarget":["com.google.gwt.dom.client.EventTarget",{"attachId":{"id":23},"name":"input","type":"element"}],"eventTarget":["com.google.gwt.dom.client.EventTarget",{"attachId":{"id":23},"name":"input","type":"element"}],"jsoId":125,"keyCode":0,"metaKey":false,"mouseWheelVelocityY":0,"rotation":0,"scale":0,"screenX":0,"screenY":0,"shiftKey":false,"string":"[object FocusEvent]","type":"focusout"}]}],"firstReceiver":{"id":23}},{"event":["com.google.gwt.user.client.Event",{"data":["com.google.gwt.dom.client.NativeEvent$Data",{"altKey":false,"button":1,"charCode":0,"clientX":0,"clientY":0,"ctrlKey":false,"currentEventTarget":["com.google.gwt.dom.client.EventTarget",{"attachId":{"id":7},"name":"page","type":"element"}],"eventTarget":["com.google.gwt.dom.client.EventTarget",{"attachId":{"id":23},"name":"input","type":"element"}],"jsoId":125,"keyCode":0,"metaKey":false,"mouseWheelVelocityY":0,"rotation":0,"scale":0,"screenX":0,"screenY":0,"shiftKey":false,"string":"[object FocusEvent]","type":"focusout"}]}],"firstReceiver":{"id":21}},{"event":["com.google.gwt.user.client.Event",{"data":["com.google.gwt.dom.client.NativeEvent$Data",{"altKey":false,"button":1,"charCode":0,"clientX":0,"clientY":0,"ctrlKey":false,"currentEventTarget":["com.google.gwt.dom.client.EventTarget",{"attachId":{"id":7},"name":"page","type":"element"}],"eventTarget":["com.google.gwt.dom.client.EventTarget",{"attachId":{"id":23},"name":"input","type":"element"}],"jsoId":125,"keyCode":0,"metaKey":false,"mouseWheelVelocityY":0,"rotation":0,"scale":0,"screenX":0,"screenY":0,"shiftKey":false,"string":"[object FocusEvent]","type":"focusout"}]}],"firstReceiver":{"id":7}},{"event":["com.google.gwt.user.client.Event",{"data":["com.google.gwt.dom.client.NativeEvent$Data",{"altKey":false,"button":1,"charCode":0,"clientX":0,"clientY":0,"ctrlKey":false,"currentEventTarget":["com.google.gwt.dom.client.EventTarget",{"type":"window"}],"eventTarget":["com.google.gwt.dom.client.EventTarget",{"type":"window"}],"jsoId":127,"keyCode":0,"metaKey":false,"mouseWheelVelocityY":0,"rotation":0,"scale":0,"screenX":0,"screenY":0,"shiftKey":false,"string":"[object Event]","type":"blur"}]}],"preview":true}]],"messageId":12}],"messageId":["cc.alcina.framework.servlet.component.romcom.protocol.MessageTransportLayer$MessageId",{"number":12,"sendChannelId":"CLIENT_TO_SERVER"}]}]]],"transportHistories":["java.util.ArrayList",[["cc.alcina.framework.servlet.component.romcom.protocol.MessageTransportLayer$TransportHistory",{"firstReceiptAcknowledgedEnvelopeId":["cc.alcina.framework.servlet.component.romcom.protocol.MessageTransportLayer$EnvelopeId",{"number":11,"sendChannelId":"CLIENT_TO_SERVER"}],"messageId":["cc.alcina.framework.servlet.component.romcom.protocol.MessageTransportLayer$MessageId",{"number":11,"sendChannelId":"CLIENT_TO_SERVER"}],"sent":"1769618847511"}],["cc.alcina.framework.servlet.component.romcom.protocol.MessageTransportLayer$TransportHistory",{"firstReceiptAcknowledgedEnvelopeId":4,"messageId":45,"sent":"1769618847512"}]]]}],"session":["cc.alcina.framework.servlet.component.romcom.protocol.RemoteComponentProtocol$Session",{"auth":"fvhy-hvkkyhf","componentClassName":"cc.alcina.framework.servlet.component.gallery.GalleryBrowser$Ui","id":"leela.local-0-bvpy-dvkuyne","url":"http://127.0.0.1:31009/gallery"}]}],"response":["cc.alcina.framework.servlet.component.romcom.protocol.RemoteComponentResponse",{"messageEnvelope":["cc.alcina.framework.servlet.component.romcom.protocol.MessageTransportLayer$MessageEnvelope",{"dateSent":"1769618847516","envelopeId":["cc.alcina.framework.servlet.component.romcom.protocol.MessageTransportLayer$EnvelopeId",{"number":11,"sendChannelId":"SERVER_TO_CLIENT"}],"highestReceivedEnvelopeId":4,"transportHistories":["java.util.ArrayList",[["cc.alcina.framework.servlet.component.romcom.protocol.MessageTransportLayer$TransportHistory",{"firstReceiptAcknowledgedEnvelopeId":["cc.alcina.framework.servlet.component.romcom.protocol.MessageTransportLayer$EnvelopeId",{"number":10,"sendChannelId":"SERVER_TO_CLIENT"}],"messageId":["cc.alcina.framework.servlet.component.romcom.protocol.MessageTransportLayer$MessageId",{"number":11,"sendChannelId":"CLIENT_TO_SERVER"}],"published":"1769618847513","received":"1769618847513","sent":"1769618847511"}],["cc.alcina.framework.servlet.component.romcom.protocol.MessageTransportLayer$TransportHistory",{"firstReceiptAcknowledgedEnvelopeId":57,"messageId":["cc.alcina.framework.servlet.component.romcom.protocol.MessageTransportLayer$MessageId",{"number":12,"sendChannelId":"CLIENT_TO_SERVER"}],"published":"1769618847513","received":"1769618847513","sent":"1769618847512"}]]]}],"session":51}],"start":"1769618847513"}],"id":"11","time":"1769618847516"}]