["cc.alcina.framework.common.client.flight.FlightEvent",{"event":["cc.alcina.framework.servlet.component.romcom.server.RemoteComponentEvent",{"end":"1769618844488","request":["cc.alcina.framework.servlet.component.romcom.protocol.RemoteComponentRequest",{"messageEnvelope":["cc.alcina.framework.servlet.component.romcom.protocol.MessageTransportLayer$MessageEnvelope",{"dateSent":"1769618844486","envelopeId":["cc.alcina.framework.servlet.component.romcom.protocol.MessageTransportLayer$EnvelopeId",{"number":3,"sendChannelId":"CLIENT_TO_SERVER"}],"packets":["java.util.ArrayList",[["cc.alcina.framework.servlet.component.romcom.protocol.MessageTransportLayer$MessagePacket",{"message":["cc.alcina.framework.servlet.component.romcom.protocol.RemoteComponentProtocol$Message$AwaitRemote",{"messageId":3}],"messageId":["cc.alcina.framework.servlet.component.romcom.protocol.MessageTransportLayer$MessageId",{"number":3,"sendChannelId":"CLIENT_TO_SERVER"}]}]]],"transportHistories":["java.util.ArrayList",[["cc.alcina.framework.servlet.component.romcom.protocol.MessageTransportLayer$TransportHistory",{"firstReceiptAcknowledgedEnvelopeId":["cc.alcina.framework.servlet.component.romcom.protocol.MessageTransportLayer$EnvelopeId",{"number":1,"sendChannelId":"CLIENT_TO_SERVER"}],"messageId":["cc.alcina.framework.servlet.component.romcom.protocol.MessageTransportLayer$MessageId",{"number":1,"sendChannelId":"CLIENT_TO_SERVER"}],"sent":"1769618844068"}],["cc.alcina.framework.servlet.component.romcom.protocol.MessageTransportLayer$TransportHistory",{"firstReceiptAcknowledgedEnvelopeId":["cc.alcina.framework.servlet.component.romcom.protocol.MessageTransportLayer$EnvelopeId",{"number":2,"sendChannelId":"CLIENT_TO_SERVER"}],"messageId":["cc.alcina.framework.servlet.component.romcom.protocol.MessageTransportLayer$MessageId",{"number":2,"sendChannelId":"CLIENT_TO_SERVER"}],"sent":"1769618844485"}],["cc.alcina.framework.servlet.component.romcom.protocol.MessageTransportLayer$TransportHistory",{"firstReceiptAcknowledgedEnvelopeId":4,"messageId":8,"sent":"1769618844486"}]]]}],"session":["cc.alcina.framework.servlet.component.romcom.protocol.RemoteComponentProtocol$Session",{"auth":"fvhy-hvkkyhf","componentClassName":"cc.alcina.framework.servlet.component.gallery.GalleryBrowser$Ui","id":"leela.local-0-bvpy-dvkuyne","url":"http://127.0.0.1:31009/gallery"}]}],"response":["cc.alcina.framework.servlet.component.romcom.protocol.RemoteComponentResponse",{"messageEnvelope":["cc.alcina.framework.servlet.component.romcom.protocol.MessageTransportLayer$MessageEnvelope",{"dateSent":"1769618844488","envelopeId":["cc.alcina.framework.servlet.component.romcom.protocol.MessageTransportLayer$EnvelopeId",{"number":2,"sendChannelId":"SERVER_TO_CLIENT"}],"highestReceivedEnvelopeId":4,"transportHistories":["java.util.ArrayList",[["cc.alcina.framework.servlet.component.romcom.protocol.MessageTransportLayer$TransportHistory",{"firstReceiptAcknowledgedEnvelopeId":["cc.alcina.framework.servlet.component.romcom.protocol.MessageTransportLayer$EnvelopeId",{"number":1,"sendChannelId":"SERVER_TO_CLIENT"}],"messageId":["cc.alcina.framework.servlet.component.romcom.protocol.MessageTransportLayer$MessageId",{"number":1,"sendChannelId":"SERVER_TO_CLIENT"}],"sent":"1769618844469"}],["cc.alcina.framework.servlet.component.romcom.protocol.MessageTransportLayer$TransportHistory",{"firstReceiptAcknowledgedEnvelopeId":23,"messageId":["cc.alcina.framework.servlet.component.romcom.protocol.MessageTransportLayer$MessageId",{"number":2,"sendChannelId":"SERVER_TO_CLIENT"}],"sent":"1769618844469"}],["cc.alcina.framework.servlet.component.romcom.protocol.MessageTransportLayer$TransportHistory",{"firstReceiptAcknowledgedEnvelopeId":23,"messageId":["cc.alcina.framework.servlet.component.romcom.protocol.MessageTransportLayer$MessageId",{"number":3,"sendChannelId":"SERVER_TO_CLIENT"}],"sent":"1769618844469"}],["cc.alcina.framework.servlet.component.romcom.protocol.MessageTransportLayer$TransportHistory",{"firstReceiptAcknowledgedEnvelopeId":23,"messageId":["cc.alcina.framework.servlet.component.romcom.protocol.MessageTransportLayer$MessageId",{"number":1,"sendChannelId":"CLIENT_TO_SERVER"}],"published":"1769618844115","received":"1769618844112","sent":"1769618844068"}],["cc.alcina.framework.servlet.component.romcom.protocol.MessageTransportLayer$TransportHistory",{"firstReceiptAcknowledgedEnvelopeId":20,"messageId":["cc.alcina.framework.servlet.component.romcom.protocol.MessageTransportLayer$MessageId",{"number":2,"sendChannelId":"CLIENT_TO_SERVER"}],"published":"1769618844487","received":"1769618844487","sent":"1769618844485"}],["cc.alcina.framework.servlet.component.romcom.protocol.MessageTransportLayer$TransportHistory",{"firstReceiptAcknowledgedEnvelopeId":20,"messageId":["cc.alcina.framework.servlet.component.romcom.protocol.MessageTransportLayer$MessageId",{"number":3,"sendChannelId":"CLIENT_TO_SERVER"}],"published":"1769618844488","received":"1769618844487","sent":"1769618844486"}]]]}],"session":17}],"start":"1769618844486"}],"id":"2","time":"1769618844488"}]