["cc.alcina.framework.common.client.flight.FlightEvent",{"event":["cc.alcina.framework.servlet.component.romcom.server.RemoteComponentEvent",{"end":"1769618844497","request":["cc.alcina.framework.servlet.component.romcom.protocol.RemoteComponentRequest",{"messageEnvelope":["cc.alcina.framework.servlet.component.romcom.protocol.MessageTransportLayer$MessageEnvelope",{"dateSent":"1769618844491","envelopeId":["cc.alcina.framework.servlet.component.romcom.protocol.MessageTransportLayer$EnvelopeId",{"number":5,"sendChannelId":"CLIENT_TO_SERVER"}],"highestReceivedEnvelopeId":["cc.alcina.framework.servlet.component.romcom.protocol.MessageTransportLayer$EnvelopeId",{"number":1,"sendChannelId":"SERVER_TO_CLIENT"}],"packets":["java.util.ArrayList",[["cc.alcina.framework.servlet.component.romcom.protocol.MessageTransportLayer$MessagePacket",{"message":["cc.alcina.framework.servlet.component.romcom.protocol.RemoteComponentProtocol$Message$InvokeResponse",{"id":1,"messageId":5,"sync":true}],"messageId":["cc.alcina.framework.servlet.component.romcom.protocol.MessageTransportLayer$MessageId",{"number":5,"sendChannelId":"CLIENT_TO_SERVER"}]}]]],"transportHistories":["java.util.ArrayList",[["cc.alcina.framework.servlet.component.romcom.protocol.MessageTransportLayer$TransportHistory",{"firstReceiptAcknowledgedEnvelopeId":["cc.alcina.framework.servlet.component.romcom.protocol.MessageTransportLayer$EnvelopeId",{"number":2,"sendChannelId":"CLIENT_TO_SERVER"}],"messageId":["cc.alcina.framework.servlet.component.romcom.protocol.MessageTransportLayer$MessageId",{"number":2,"sendChannelId":"CLIENT_TO_SERVER"}],"sent":"1769618844485"}],["cc.alcina.framework.servlet.component.romcom.protocol.MessageTransportLayer$TransportHistory",{"firstReceiptAcknowledgedEnvelopeId":["cc.alcina.framework.servlet.component.romcom.protocol.MessageTransportLayer$EnvelopeId",{"number":3,"sendChannelId":"CLIENT_TO_SERVER"}],"messageId":["cc.alcina.framework.servlet.component.romcom.protocol.MessageTransportLayer$MessageId",{"number":3,"sendChannelId":"CLIENT_TO_SERVER"}],"sent":"1769618844486"}],["cc.alcina.framework.servlet.component.romcom.protocol.MessageTransportLayer$TransportHistory",{"firstReceiptAcknowledgedEnvelopeId":["cc.alcina.framework.servlet.component.romcom.protocol.MessageTransportLayer$EnvelopeId",{"number":4,"sendChannelId":"CLIENT_TO_SERVER"}],"messageId":["cc.alcina.framework.servlet.component.romcom.protocol.MessageTransportLayer$MessageId",{"number":4,"sendChannelId":"CLIENT_TO_SERVER"}],"sent":"1769618844489"}],["cc.alcina.framework.servlet.component.romcom.protocol.MessageTransportLayer$TransportHistory",{"firstReceiptAcknowledgedEnvelopeId":4,"messageId":9,"sent":"1769618844491"}],["cc.alcina.framework.servlet.component.romcom.protocol.MessageTransportLayer$TransportHistory",{"firstReceiptAcknowledgedEnvelopeId":18,"messageId":["cc.alcina.framework.servlet.component.romcom.protocol.MessageTransportLayer$MessageId",{"number":1,"sendChannelId":"SERVER_TO_CLIENT"}],"published":"1769618844486","received":"1769618844486","sent":"1769618844469"}],["cc.alcina.framework.servlet.component.romcom.protocol.MessageTransportLayer$TransportHistory",{"firstReceiptAcknowledgedEnvelopeId":18,"messageId":["cc.alcina.framework.servlet.component.romcom.protocol.MessageTransportLayer$MessageId",{"number":2,"sendChannelId":"SERVER_TO_CLIENT"}],"published":"1769618844490","received":"1769618844486","sent":"1769618844469"}],["cc.alcina.framework.servlet.component.romcom.protocol.MessageTransportLayer$TransportHistory",{"firstReceiptAcknowledgedEnvelopeId":18,"messageId":["cc.alcina.framework.servlet.component.romcom.protocol.MessageTransportLayer$MessageId",{"number":3,"sendChannelId":"SERVER_TO_CLIENT"}],"received":"1769618844486","sent":"1769618844469"}]]]}],"session":["cc.alcina.framework.servlet.component.romcom.protocol.RemoteComponentProtocol$Session",{"auth":"fvhy-hvkkyhf","componentClassName":"cc.alcina.framework.servlet.component.gallery.GalleryBrowser$Ui","id":"leela.local-0-bvpy-dvkuyne","url":"http://127.0.0.1:31009/gallery"}]}],"response":["cc.alcina.framework.servlet.component.romcom.protocol.RemoteComponentResponse",{"messageEnvelope":["cc.alcina.framework.servlet.component.romcom.protocol.MessageTransportLayer$MessageEnvelope",{"dateSent":"1769618844497","envelopeId":["cc.alcina.framework.servlet.component.romcom.protocol.MessageTransportLayer$EnvelopeId",{"number":4,"sendChannelId":"SERVER_TO_CLIENT"}],"highestReceivedEnvelopeId":["cc.alcina.framework.servlet.component.romcom.protocol.MessageTransportLayer$EnvelopeId",{"number":6,"sendChannelId":"CLIENT_TO_SERVER"}],"transportHistories":["java.util.ArrayList",[["cc.alcina.framework.servlet.component.romcom.protocol.MessageTransportLayer$TransportHistory",{"firstReceiptAcknowledgedEnvelopeId":["cc.alcina.framework.servlet.component.romcom.protocol.MessageTransportLayer$EnvelopeId",{"number":2,"sendChannelId":"SERVER_TO_CLIENT"}],"messageId":["cc.alcina.framework.servlet.component.romcom.protocol.MessageTransportLayer$MessageId",{"number":2,"sendChannelId":"CLIENT_TO_SERVER"}],"published":"1769618844487","received":"1769618844487","sent":"1769618844485"}],["cc.alcina.framework.servlet.component.romcom.protocol.MessageTransportLayer$TransportHistory",{"firstReceiptAcknowledgedEnvelopeId":34,"messageId":["cc.alcina.framework.servlet.component.romcom.protocol.MessageTransportLayer$MessageId",{"number":3,"sendChannelId":"CLIENT_TO_SERVER"}],"published":"1769618844488","received":"1769618844487","sent":"1769618844486"}],["cc.alcina.framework.servlet.component.romcom.protocol.MessageTransportLayer$TransportHistory",{"firstReceiptAcknowledgedEnvelopeId":["cc.alcina.framework.servlet.component.romcom.protocol.MessageTransportLayer$EnvelopeId",{"number":3,"sendChannelId":"SERVER_TO_CLIENT"}],"messageId":["cc.alcina.framework.servlet.component.romcom.protocol.MessageTransportLayer$MessageId",{"number":4,"sendChannelId":"CLIENT_TO_SERVER"}],"published":"1769618844494","received":"1769618844493","sent":"1769618844489"}],["cc.alcina.framework.servlet.component.romcom.protocol.MessageTransportLayer$TransportHistory",{"firstReceiptAcknowledgedEnvelopeId":39,"messageId":["cc.alcina.framework.servlet.component.romcom.protocol.MessageTransportLayer$MessageId",{"number":5,"sendChannelId":"CLIENT_TO_SERVER"}],"published":"1769618844495","received":"1769618844494","sent":"1769618844491"}],["cc.alcina.framework.servlet.component.romcom.protocol.MessageTransportLayer$TransportHistory",{"firstReceiptAcknowledgedEnvelopeId":30,"messageId":["cc.alcina.framework.servlet.component.romcom.protocol.MessageTransportLayer$MessageId",{"number":6,"sendChannelId":"CLIENT_TO_SERVER"}],"published":"1769618844497","received":"1769618844497","sent":"1769618844494"}]]]}],"session":27}],"start":"1769618844492"}],"id":"4","time":"1769618844497"}]