["cc.alcina.framework.common.client.flight.FlightEvent",{"event":["cc.alcina.framework.servlet.component.romcom.server.RemoteComponentEvent",{"end":"1769618844497","request":["cc.alcina.framework.servlet.component.romcom.protocol.RemoteComponentRequest",{"messageEnvelope":["cc.alcina.framework.servlet.component.romcom.protocol.MessageTransportLayer$MessageEnvelope",{"dateSent":"1769618844494","envelopeId":["cc.alcina.framework.servlet.component.romcom.protocol.MessageTransportLayer$EnvelopeId",{"number":6,"sendChannelId":"CLIENT_TO_SERVER"}],"highestReceivedEnvelopeId":["cc.alcina.framework.servlet.component.romcom.protocol.MessageTransportLayer$EnvelopeId",{"number":1,"sendChannelId":"SERVER_TO_CLIENT"}],"packets":["java.util.ArrayList",[["cc.alcina.framework.servlet.component.romcom.protocol.MessageTransportLayer$MessagePacket",{"message":["cc.alcina.framework.servlet.component.romcom.protocol.RemoteComponentProtocol$Message$WindowStateUpdate",{"messageId":6,"selectionRecord":{"anchorNodeId":{"id":21},"clientRect":{},"focusNodeId":{"id":21},"type":"Caret"},"windowState":{"activeElement":{"id":23},"clientHeight":940,"clientWidth":1728,"nodeUiStates":["java.util.ArrayList",[{"boundingClientRect":{"bottom":940,"right":1728,"height":940,"width":1728},"element":{"id":2},"scrollPos":{}},{"boundingClientRect":{"top":9.3046875,"bottom":39.6953125,"left":594,"right":1131,"height":30.390625,"width":537,"x":594,"y":9.3046875},"element":{"id":23},"scrollPos":{}},{"boundingClientRect":{"top":16,"bottom":34,"left":594,"right":1131,"height":18,"width":537,"x":594,"y":16},"element":{"id":21},"scrollPos":{}},{"boundingClientRect":{"top":7.3046875,"bottom":41.6953125,"left":592,"right":1136,"height":34.390625,"width":544,"x":592,"y":7.3046875},"element":{"id":19},"scrollPos":{}},{"boundingClientRect":{"top":7.3046875,"bottom":41.6953125,"left":592,"right":1136,"height":34.390625,"width":544,"x":592,"y":7.3046875},"element":{"id":17},"scrollPos":{}},{"boundingClientRect":{"bottom":50,"right":1728,"height":50,"width":1728},"element":{"id":9},"scrollPos":{}},{"boundingClientRect":{"bottom":940,"right":1728,"height":940,"width":1728},"element":{"id":7},"scrollPos":{}},{"boundingClientRect":{"bottom":940,"right":1728,"height":940,"width":1728},"element":{"id":40},"scrollPos":{}},{"boundingClientRect":{"top":7.3046875,"bottom":41.6953125,"left":592,"right":1136,"height":34.390625,"width":544,"x":592,"y":7.3046875},"element":{"id":19},"scrollPos":{}}]]}}],"messageId":["cc.alcina.framework.servlet.component.romcom.protocol.MessageTransportLayer$MessageId",{"number":6,"sendChannelId":"CLIENT_TO_SERVER"}]}]]],"transportHistories":["java.util.ArrayList",[["cc.alcina.framework.servlet.component.romcom.protocol.MessageTransportLayer$TransportHistory",{"firstReceiptAcknowledgedEnvelopeId":["cc.alcina.framework.servlet.component.romcom.protocol.MessageTransportLayer$EnvelopeId",{"number":2,"sendChannelId":"CLIENT_TO_SERVER"}],"messageId":["cc.alcina.framework.servlet.component.romcom.protocol.MessageTransportLayer$MessageId",{"number":2,"sendChannelId":"CLIENT_TO_SERVER"}],"sent":"1769618844485"}],["cc.alcina.framework.servlet.component.romcom.protocol.MessageTransportLayer$TransportHistory",{"firstReceiptAcknowledgedEnvelopeId":["cc.alcina.framework.servlet.component.romcom.protocol.MessageTransportLayer$EnvelopeId",{"number":3,"sendChannelId":"CLIENT_TO_SERVER"}],"messageId":["cc.alcina.framework.servlet.component.romcom.protocol.MessageTransportLayer$MessageId",{"number":3,"sendChannelId":"CLIENT_TO_SERVER"}],"sent":"1769618844486"}],["cc.alcina.framework.servlet.component.romcom.protocol.MessageTransportLayer$TransportHistory",{"firstReceiptAcknowledgedEnvelopeId":["cc.alcina.framework.servlet.component.romcom.protocol.MessageTransportLayer$EnvelopeId",{"number":4,"sendChannelId":"CLIENT_TO_SERVER"}],"messageId":["cc.alcina.framework.servlet.component.romcom.protocol.MessageTransportLayer$MessageId",{"number":4,"sendChannelId":"CLIENT_TO_SERVER"}],"sent":"1769618844489"}],["cc.alcina.framework.servlet.component.romcom.protocol.MessageTransportLayer$TransportHistory",{"firstReceiptAcknowledgedEnvelopeId":["cc.alcina.framework.servlet.component.romcom.protocol.MessageTransportLayer$EnvelopeId",{"number":5,"sendChannelId":"CLIENT_TO_SERVER"}],"messageId":["cc.alcina.framework.servlet.component.romcom.protocol.MessageTransportLayer$MessageId",{"number":5,"sendChannelId":"CLIENT_TO_SERVER"}],"sent":"1769618844491"}],["cc.alcina.framework.servlet.component.romcom.protocol.MessageTransportLayer$TransportHistory",{"firstReceiptAcknowledgedEnvelopeId":4,"messageId":52,"sent":"1769618844494"}],["cc.alcina.framework.servlet.component.romcom.protocol.MessageTransportLayer$TransportHistory",{"firstReceiptAcknowledgedEnvelopeId":61,"messageId":["cc.alcina.framework.servlet.component.romcom.protocol.MessageTransportLayer$MessageId",{"number":1,"sendChannelId":"SERVER_TO_CLIENT"}],"published":"1769618844486","received":"1769618844486","sent":"1769618844469"}],["cc.alcina.framework.servlet.component.romcom.protocol.MessageTransportLayer$TransportHistory",{"firstReceiptAcknowledgedEnvelopeId":61,"messageId":["cc.alcina.framework.servlet.component.romcom.protocol.MessageTransportLayer$MessageId",{"number":2,"sendChannelId":"SERVER_TO_CLIENT"}],"published":"1769618844490","received":"1769618844486","sent":"1769618844469"}],["cc.alcina.framework.servlet.component.romcom.protocol.MessageTransportLayer$TransportHistory",{"firstReceiptAcknowledgedEnvelopeId":61,"messageId":["cc.alcina.framework.servlet.component.romcom.protocol.MessageTransportLayer$MessageId",{"number":3,"sendChannelId":"SERVER_TO_CLIENT"}],"published":"1769618844492","received":"1769618844486","sent":"1769618844469"}]]]}],"session":["cc.alcina.framework.servlet.component.romcom.protocol.RemoteComponentProtocol$Session",{"auth":"fvhy-hvkkyhf","componentClassName":"cc.alcina.framework.servlet.component.gallery.GalleryBrowser$Ui","id":"leela.local-0-bvpy-dvkuyne","url":"http://127.0.0.1:31009/gallery"}]}],"response":["cc.alcina.framework.servlet.component.romcom.protocol.RemoteComponentResponse",{"messageEnvelope":["cc.alcina.framework.servlet.component.romcom.protocol.MessageTransportLayer$MessageEnvelope",{"dateSent":"1769618844497","envelopeId":["cc.alcina.framework.servlet.component.romcom.protocol.MessageTransportLayer$EnvelopeId",{"number":5,"sendChannelId":"SERVER_TO_CLIENT"}],"highestReceivedEnvelopeId":4,"transportHistories":["java.util.ArrayList",[["cc.alcina.framework.servlet.component.romcom.protocol.MessageTransportLayer$TransportHistory",{"firstReceiptAcknowledgedEnvelopeId":["cc.alcina.framework.servlet.component.romcom.protocol.MessageTransportLayer$EnvelopeId",{"number":2,"sendChannelId":"SERVER_TO_CLIENT"}],"messageId":["cc.alcina.framework.servlet.component.romcom.protocol.MessageTransportLayer$MessageId",{"number":2,"sendChannelId":"CLIENT_TO_SERVER"}],"published":"1769618844487","received":"1769618844487","sent":"1769618844485"}],["cc.alcina.framework.servlet.component.romcom.protocol.MessageTransportLayer$TransportHistory",{"firstReceiptAcknowledgedEnvelopeId":79,"messageId":["cc.alcina.framework.servlet.component.romcom.protocol.MessageTransportLayer$MessageId",{"number":3,"sendChannelId":"CLIENT_TO_SERVER"}],"published":"1769618844488","received":"1769618844487","sent":"1769618844486"}],["cc.alcina.framework.servlet.component.romcom.protocol.MessageTransportLayer$TransportHistory",{"firstReceiptAcknowledgedEnvelopeId":["cc.alcina.framework.servlet.component.romcom.protocol.MessageTransportLayer$EnvelopeId",{"number":3,"sendChannelId":"SERVER_TO_CLIENT"}],"messageId":["cc.alcina.framework.servlet.component.romcom.protocol.MessageTransportLayer$MessageId",{"number":4,"sendChannelId":"CLIENT_TO_SERVER"}],"published":"1769618844494","received":"1769618844493","sent":"1769618844489"}],["cc.alcina.framework.servlet.component.romcom.protocol.MessageTransportLayer$TransportHistory",{"firstReceiptAcknowledgedEnvelopeId":84,"messageId":["cc.alcina.framework.servlet.component.romcom.protocol.MessageTransportLayer$MessageId",{"number":5,"sendChannelId":"CLIENT_TO_SERVER"}],"published":"1769618844495","received":"1769618844494","sent":"1769618844491"}],["cc.alcina.framework.servlet.component.romcom.protocol.MessageTransportLayer$TransportHistory",{"firstReceiptAcknowledgedEnvelopeId":["cc.alcina.framework.servlet.component.romcom.protocol.MessageTransportLayer$EnvelopeId",{"number":4,"sendChannelId":"SERVER_TO_CLIENT"}],"messageId":["cc.alcina.framework.servlet.component.romcom.protocol.MessageTransportLayer$MessageId",{"number":6,"sendChannelId":"CLIENT_TO_SERVER"}],"published":"1769618844497","received":"1769618844497","sent":"1769618844494"}]]]}],"session":73}],"start":"1769618844496"}],"id":"5","time":"1769618844497"}]