["cc.alcina.framework.common.client.flight.FlightEvent",{"event":["cc.alcina.framework.servlet.component.romcom.server.RemoteComponentEvent",{"end":"1769618844507","request":["cc.alcina.framework.servlet.component.romcom.protocol.RemoteComponentRequest",{"messageEnvelope":["cc.alcina.framework.servlet.component.romcom.protocol.MessageTransportLayer$MessageEnvelope",{"dateSent":"1769618844495","envelopeId":["cc.alcina.framework.servlet.component.romcom.protocol.MessageTransportLayer$EnvelopeId",{"number":7,"sendChannelId":"CLIENT_TO_SERVER"}],"highestReceivedEnvelopeId":["cc.alcina.framework.servlet.component.romcom.protocol.MessageTransportLayer$EnvelopeId",{"number":1,"sendChannelId":"SERVER_TO_CLIENT"}],"packets":["java.util.ArrayList",[["cc.alcina.framework.servlet.component.romcom.protocol.MessageTransportLayer$MessagePacket",{"message":["cc.alcina.framework.servlet.component.romcom.protocol.RemoteComponentProtocol$Message$DomEventMessage",{"events":["java.util.ArrayList",[{"event":["com.google.gwt.user.client.Event",{"data":["com.google.gwt.dom.client.NativeEvent$Data",{"altKey":false,"button":1,"charCode":0,"clientX":0,"clientY":0,"ctrlKey":false,"currentEventTarget":["com.google.gwt.dom.client.EventTarget",{"type":"window"}],"eventTarget":["com.google.gwt.dom.client.EventTarget",{"attachId":{"id":23},"name":"input","type":"element"}],"jsoId":28,"keyCode":0,"metaKey":false,"mouseWheelVelocityY":0,"rotation":0,"scale":0,"screenX":0,"screenY":0,"shiftKey":false,"string":"[object FocusEvent]","type":"focus"}]}],"preview":true},{"event":["com.google.gwt.user.client.Event",{"data":["com.google.gwt.dom.client.NativeEvent$Data",{"altKey":false,"button":1,"charCode":0,"clientX":0,"clientY":0,"ctrlKey":false,"currentEventTarget":["com.google.gwt.dom.client.EventTarget",{"attachId":{"id":23},"name":"input","type":"element"}],"eventTarget":["com.google.gwt.dom.client.EventTarget",{"attachId":{"id":23},"name":"input","type":"element"}],"jsoId":29,"keyCode":0,"metaKey":false,"mouseWheelVelocityY":0,"rotation":0,"scale":0,"screenX":0,"screenY":0,"shiftKey":false,"string":"[object FocusEvent]","type":"focusin"}]}],"firstReceiver":{"id":23}},{"event":["com.google.gwt.user.client.Event",{"data":["com.google.gwt.dom.client.NativeEvent$Data",{"altKey":false,"button":1,"charCode":0,"clientX":0,"clientY":0,"ctrlKey":false,"currentEventTarget":["com.google.gwt.dom.client.EventTarget",{"attachId":{"id":21},"name":"editor","type":"element"}],"eventTarget":["com.google.gwt.dom.client.EventTarget",{"attachId":{"id":23},"name":"input","type":"element"}],"jsoId":29,"keyCode":0,"metaKey":false,"mouseWheelVelocityY":0,"rotation":0,"scale":0,"screenX":0,"screenY":0,"shiftKey":false,"string":"[object FocusEvent]","type":"focusin"}]}],"firstReceiver":{"id":21}},{"event":["com.google.gwt.user.client.Event",{"data":["com.google.gwt.dom.client.NativeEvent$Data",{"altKey":false,"button":1,"charCode":0,"clientX":0,"clientY":0,"ctrlKey":false,"currentEventTarget":["com.google.gwt.dom.client.EventTarget",{"attachId":{"id":7},"name":"page","type":"element"}],"eventTarget":["com.google.gwt.dom.client.EventTarget",{"attachId":{"id":23},"name":"input","type":"element"}],"jsoId":29,"keyCode":0,"metaKey":false,"mouseWheelVelocityY":0,"rotation":0,"scale":0,"screenX":0,"screenY":0,"shiftKey":false,"string":"[object FocusEvent]","type":"focusin"}]}],"firstReceiver":{"id":7}},{"event":["com.google.gwt.user.client.Event",{"data":["com.google.gwt.dom.client.NativeEvent$Data",{"altKey":false,"button":1,"charCode":0,"clientX":0,"clientY":0,"ctrlKey":false,"currentEventTarget":["com.google.gwt.dom.client.EventTarget",{"type":"window"}],"eventTarget":["com.google.gwt.dom.client.EventTarget",{"attachId":{"id":23},"name":"input","type":"element"}],"jsoId":35,"keyCode":0,"metaKey":false,"mouseWheelVelocityY":0,"rotation":0,"scale":0,"screenX":0,"screenY":0,"shiftKey":false,"string":"[object Event]","type":"selectionchange"}]}],"preview":true}]],"messageId":7}],"messageId":["cc.alcina.framework.servlet.component.romcom.protocol.MessageTransportLayer$MessageId",{"number":7,"sendChannelId":"CLIENT_TO_SERVER"}]}]]],"transportHistories":["java.util.ArrayList",[["cc.alcina.framework.servlet.component.romcom.protocol.MessageTransportLayer$TransportHistory",{"firstReceiptAcknowledgedEnvelopeId":["cc.alcina.framework.servlet.component.romcom.protocol.MessageTransportLayer$EnvelopeId",{"number":2,"sendChannelId":"CLIENT_TO_SERVER"}],"messageId":["cc.alcina.framework.servlet.component.romcom.protocol.MessageTransportLayer$MessageId",{"number":2,"sendChannelId":"CLIENT_TO_SERVER"}],"sent":"1769618844485"}],["cc.alcina.framework.servlet.component.romcom.protocol.MessageTransportLayer$TransportHistory",{"firstReceiptAcknowledgedEnvelopeId":["cc.alcina.framework.servlet.component.romcom.protocol.MessageTransportLayer$EnvelopeId",{"number":3,"sendChannelId":"CLIENT_TO_SERVER"}],"messageId":["cc.alcina.framework.servlet.component.romcom.protocol.MessageTransportLayer$MessageId",{"number":3,"sendChannelId":"CLIENT_TO_SERVER"}],"sent":"1769618844486"}],["cc.alcina.framework.servlet.component.romcom.protocol.MessageTransportLayer$TransportHistory",{"firstReceiptAcknowledgedEnvelopeId":["cc.alcina.framework.servlet.component.romcom.protocol.MessageTransportLayer$EnvelopeId",{"number":4,"sendChannelId":"CLIENT_TO_SERVER"}],"messageId":["cc.alcina.framework.servlet.component.romcom.protocol.MessageTransportLayer$MessageId",{"number":4,"sendChannelId":"CLIENT_TO_SERVER"}],"sent":"1769618844489"}],["cc.alcina.framework.servlet.component.romcom.protocol.MessageTransportLayer$TransportHistory",{"firstReceiptAcknowledgedEnvelopeId":["cc.alcina.framework.servlet.component.romcom.protocol.MessageTransportLayer$EnvelopeId",{"number":5,"sendChannelId":"CLIENT_TO_SERVER"}],"messageId":["cc.alcina.framework.servlet.component.romcom.protocol.MessageTransportLayer$MessageId",{"number":5,"sendChannelId":"CLIENT_TO_SERVER"}],"sent":"1769618844491"}],["cc.alcina.framework.servlet.component.romcom.protocol.MessageTransportLayer$TransportHistory",{"firstReceiptAcknowledgedEnvelopeId":["cc.alcina.framework.servlet.component.romcom.protocol.MessageTransportLayer$EnvelopeId",{"number":6,"sendChannelId":"CLIENT_TO_SERVER"}],"messageId":["cc.alcina.framework.servlet.component.romcom.protocol.MessageTransportLayer$MessageId",{"number":6,"sendChannelId":"CLIENT_TO_SERVER"}],"sent":"1769618844494"}],["cc.alcina.framework.servlet.component.romcom.protocol.MessageTransportLayer$TransportHistory",{"firstReceiptAcknowledgedEnvelopeId":4,"messageId":46,"sent":"1769618844495"}],["cc.alcina.framework.servlet.component.romcom.protocol.MessageTransportLayer$TransportHistory",{"firstReceiptAcknowledgedEnvelopeId":55,"messageId":["cc.alcina.framework.servlet.component.romcom.protocol.MessageTransportLayer$MessageId",{"number":1,"sendChannelId":"SERVER_TO_CLIENT"}],"published":"1769618844486","received":"1769618844486","sent":"1769618844469"}],["cc.alcina.framework.servlet.component.romcom.protocol.MessageTransportLayer$TransportHistory",{"firstReceiptAcknowledgedEnvelopeId":55,"messageId":["cc.alcina.framework.servlet.component.romcom.protocol.MessageTransportLayer$MessageId",{"number":2,"sendChannelId":"SERVER_TO_CLIENT"}],"published":"1769618844490","received":"1769618844486","sent":"1769618844469"}],["cc.alcina.framework.servlet.component.romcom.protocol.MessageTransportLayer$TransportHistory",{"firstReceiptAcknowledgedEnvelopeId":55,"messageId":["cc.alcina.framework.servlet.component.romcom.protocol.MessageTransportLayer$MessageId",{"number":3,"sendChannelId":"SERVER_TO_CLIENT"}],"published":"1769618844492","received":"1769618844486","sent":"1769618844469"}]]]}],"session":["cc.alcina.framework.servlet.component.romcom.protocol.RemoteComponentProtocol$Session",{"auth":"fvhy-hvkkyhf","componentClassName":"cc.alcina.framework.servlet.component.gallery.GalleryBrowser$Ui","id":"leela.local-0-bvpy-dvkuyne","url":"http://127.0.0.1:31009/gallery"}]}],"response":["cc.alcina.framework.servlet.component.romcom.protocol.RemoteComponentResponse",{"messageEnvelope":["cc.alcina.framework.servlet.component.romcom.protocol.MessageTransportLayer$MessageEnvelope",{"dateSent":"1769618844507","envelopeId":["cc.alcina.framework.servlet.component.romcom.protocol.MessageTransportLayer$EnvelopeId",{"number":6,"sendChannelId":"SERVER_TO_CLIENT"}],"highestReceivedEnvelopeId":4,"packets":["java.util.ArrayList",[["cc.alcina.framework.servlet.component.romcom.protocol.MessageTransportLayer$MessagePacket",{"message":["cc.alcina.framework.servlet.component.romcom.protocol.RemoteComponentProtocol$Message$Invoke",{"argumentTypes":["java.util.ArrayList",["int","int"]],"arguments":["java.util.ArrayList",[["java.lang.Integer",0],["java.lang.Integer",0]]],"flags":["java.util.ArrayList",[]],"id":2,"messageId":4,"methodName":"setSelectionRange","path":{"id":23},"sync":true,"targetName":"input"}],"messageId":["cc.alcina.framework.servlet.component.romcom.protocol.MessageTransportLayer$MessageId",{"number":4,"sendChannelId":"SERVER_TO_CLIENT"}]}]]],"transportHistories":["java.util.ArrayList",[["cc.alcina.framework.servlet.component.romcom.protocol.MessageTransportLayer$TransportHistory",{"firstReceiptAcknowledgedEnvelopeId":73,"messageId":81,"sent":"1769618844507"}],["cc.alcina.framework.servlet.component.romcom.protocol.MessageTransportLayer$TransportHistory",{"firstReceiptAcknowledgedEnvelopeId":["cc.alcina.framework.servlet.component.romcom.protocol.MessageTransportLayer$EnvelopeId",{"number":2,"sendChannelId":"SERVER_TO_CLIENT"}],"messageId":["cc.alcina.framework.servlet.component.romcom.protocol.MessageTransportLayer$MessageId",{"number":2,"sendChannelId":"CLIENT_TO_SERVER"}],"published":"1769618844487","received":"1769618844487","sent":"1769618844485"}],["cc.alcina.framework.servlet.component.romcom.protocol.MessageTransportLayer$TransportHistory",{"firstReceiptAcknowledgedEnvelopeId":85,"messageId":["cc.alcina.framework.servlet.component.romcom.protocol.MessageTransportLayer$MessageId",{"number":3,"sendChannelId":"CLIENT_TO_SERVER"}],"published":"1769618844488","received":"1769618844487","sent":"1769618844486"}],["cc.alcina.framework.servlet.component.romcom.protocol.MessageTransportLayer$TransportHistory",{"firstReceiptAcknowledgedEnvelopeId":["cc.alcina.framework.servlet.component.romcom.protocol.MessageTransportLayer$EnvelopeId",{"number":3,"sendChannelId":"SERVER_TO_CLIENT"}],"messageId":["cc.alcina.framework.servlet.component.romcom.protocol.MessageTransportLayer$MessageId",{"number":4,"sendChannelId":"CLIENT_TO_SERVER"}],"published":"1769618844494","received":"1769618844493","sent":"1769618844489"}],["cc.alcina.framework.servlet.component.romcom.protocol.MessageTransportLayer$TransportHistory",{"firstReceiptAcknowledgedEnvelopeId":90,"messageId":["cc.alcina.framework.servlet.component.romcom.protocol.MessageTransportLayer$MessageId",{"number":5,"sendChannelId":"CLIENT_TO_SERVER"}],"published":"1769618844495","received":"1769618844494","sent":"1769618844491"}],["cc.alcina.framework.servlet.component.romcom.protocol.MessageTransportLayer$TransportHistory",{"firstReceiptAcknowledgedEnvelopeId":["cc.alcina.framework.servlet.component.romcom.protocol.MessageTransportLayer$EnvelopeId",{"number":4,"sendChannelId":"SERVER_TO_CLIENT"}],"messageId":["cc.alcina.framework.servlet.component.romcom.protocol.MessageTransportLayer$MessageId",{"number":6,"sendChannelId":"CLIENT_TO_SERVER"}],"published":"1769618844497","received":"1769618844497","sent":"1769618844494"}],["cc.alcina.framework.servlet.component.romcom.protocol.MessageTransportLayer$TransportHistory",{"firstReceiptAcknowledgedEnvelopeId":73,"messageId":["cc.alcina.framework.servlet.component.romcom.protocol.MessageTransportLayer$MessageId",{"number":7,"sendChannelId":"CLIENT_TO_SERVER"}],"published":"1769618844504","received":"1769618844504","sent":"1769618844495"}]]]}],"session":70}],"start":"1769618844498"}],"id":"6","time":"1769618844507"}]