["cc.alcina.framework.common.client.flight.FlightEvent",{"event":["cc.alcina.framework.servlet.component.romcom.server.RemoteComponentEvent",{"end":"1769618846683","request":["cc.alcina.framework.servlet.component.romcom.protocol.RemoteComponentRequest",{"messageEnvelope":["cc.alcina.framework.servlet.component.romcom.protocol.MessageTransportLayer$MessageEnvelope",{"dateSent":"1769618846681","envelopeId":["cc.alcina.framework.servlet.component.romcom.protocol.MessageTransportLayer$EnvelopeId",{"number":10,"sendChannelId":"CLIENT_TO_SERVER"}],"highestReceivedEnvelopeId":["cc.alcina.framework.servlet.component.romcom.protocol.MessageTransportLayer$EnvelopeId",{"number":7,"sendChannelId":"SERVER_TO_CLIENT"}],"packets":["java.util.ArrayList",[["cc.alcina.framework.servlet.component.romcom.protocol.MessageTransportLayer$MessagePacket",{"message":["cc.alcina.framework.servlet.component.romcom.protocol.RemoteComponentProtocol$Message$DomEventMessage",{"events":["java.util.ArrayList",[{"event":["com.google.gwt.user.client.Event",{"data":["com.google.gwt.dom.client.NativeEvent$Data",{"altKey":false,"button":1,"charCode":0,"clientX":0,"clientY":0,"ctrlKey":false,"currentEventTarget":["com.google.gwt.dom.client.EventTarget",{"type":"window"}],"eventTarget":["com.google.gwt.dom.client.EventTarget",{"attachId":{"id":23},"name":"input","type":"element"}],"jsoId":121,"key":"Meta","keyCode":91,"metaKey":true,"mouseWheelVelocityY":0,"rotation":0,"scale":0,"screenX":0,"screenY":0,"shiftKey":false,"string":"[object KeyboardEvent]","type":"keydown"}]}],"preview":true},{"event":["com.google.gwt.user.client.Event",{"data":["com.google.gwt.dom.client.NativeEvent$Data",{"altKey":false,"button":1,"charCode":0,"clientX":0,"clientY":0,"ctrlKey":false,"currentEventTarget":["com.google.gwt.dom.client.EventTarget",{"attachId":{"id":7},"name":"page","type":"element"}],"eventTarget":["com.google.gwt.dom.client.EventTarget",{"attachId":{"id":23},"name":"input","type":"element"}],"jsoId":121,"key":"Meta","keyCode":91,"metaKey":true,"mouseWheelVelocityY":0,"rotation":0,"scale":0,"screenX":0,"screenY":0,"shiftKey":false,"string":"[object KeyboardEvent]","type":"keydown"}]}],"firstReceiver":{"id":7}}]],"messageId":10}],"messageId":["cc.alcina.framework.servlet.component.romcom.protocol.MessageTransportLayer$MessageId",{"number":10,"sendChannelId":"CLIENT_TO_SERVER"}]}]]],"transportHistories":["java.util.ArrayList",[["cc.alcina.framework.servlet.component.romcom.protocol.MessageTransportLayer$TransportHistory",{"firstReceiptAcknowledgedEnvelopeId":["cc.alcina.framework.servlet.component.romcom.protocol.MessageTransportLayer$EnvelopeId",{"number":9,"sendChannelId":"CLIENT_TO_SERVER"}],"messageId":["cc.alcina.framework.servlet.component.romcom.protocol.MessageTransportLayer$MessageId",{"number":9,"sendChannelId":"CLIENT_TO_SERVER"}],"sent":"1769618846681"}],["cc.alcina.framework.servlet.component.romcom.protocol.MessageTransportLayer$TransportHistory",{"firstReceiptAcknowledgedEnvelopeId":4,"messageId":24,"sent":"1769618846681"}]]]}],"session":["cc.alcina.framework.servlet.component.romcom.protocol.RemoteComponentProtocol$Session",{"auth":"fvhy-hvkkyhf","componentClassName":"cc.alcina.framework.servlet.component.gallery.GalleryBrowser$Ui","id":"leela.local-0-bvpy-dvkuyne","url":"http://127.0.0.1:31009/gallery"}]}],"response":["cc.alcina.framework.servlet.component.romcom.protocol.RemoteComponentResponse",{"messageEnvelope":["cc.alcina.framework.servlet.component.romcom.protocol.MessageTransportLayer$MessageEnvelope",{"dateSent":"1769618846683","envelopeId":["cc.alcina.framework.servlet.component.romcom.protocol.MessageTransportLayer$EnvelopeId",{"number":9,"sendChannelId":"SERVER_TO_CLIENT"}],"highestReceivedEnvelopeId":4,"transportHistories":["java.util.ArrayList",[["cc.alcina.framework.servlet.component.romcom.protocol.MessageTransportLayer$TransportHistory",{"firstReceiptAcknowledgedEnvelopeId":["cc.alcina.framework.servlet.component.romcom.protocol.MessageTransportLayer$EnvelopeId",{"number":8,"sendChannelId":"SERVER_TO_CLIENT"}],"messageId":["cc.alcina.framework.servlet.component.romcom.protocol.MessageTransportLayer$MessageId",{"number":9,"sendChannelId":"CLIENT_TO_SERVER"}],"published":"1769618846683","received":"1769618846683","sent":"1769618846681"}],["cc.alcina.framework.servlet.component.romcom.protocol.MessageTransportLayer$TransportHistory",{"firstReceiptAcknowledgedEnvelopeId":36,"messageId":["cc.alcina.framework.servlet.component.romcom.protocol.MessageTransportLayer$MessageId",{"number":10,"sendChannelId":"CLIENT_TO_SERVER"}],"published":"1769618846683","received":"1769618846683","sent":"1769618846681"}]]]}],"session":30}],"start":"1769618846682"}],"id":"9","time":"1769618846683"}]